Bus Name,Company Id,Password,Email,Number Of Buses,Head Office
VRL Travels,VRL001,LVF18T,vrl@gmail.com,10,New Delhi
Shrinath Travels,SHR002,FIA71H,shrinath@gmail.com,8,Mumbai
Neetabus,NEE003,TEQ55T,neetabus@gmail.com,12,New Delhi
SRS Travels,SRS004,HSO94M,srs@gmail.com,6,Mumbai
Hans Travels,HAN005,WTB63M,hans@gmail.com,14,Jaipur
Gujrat Travels,GUJ006,WEP73R,gujrat@gmail.com,15,Surat
Vijay Travels,VIJ007,LGO86V,vijay@gmail.com,12,Jodhpur
Ashok Trvaels,ASH008,PQS42H,ashok@gmail.com,13,New Delhi
