Customer_id,first_name,last_name,email,gender,Password,Referral_code,mobile_number
1,Filmer,Di Carlo,fdicarlo0@yahoo.com,Male,lK5XKqBRgLte,GET15,9890326481
2,Sylvester,Huncoot,shuncoot1@example.com,Male,TJiIMCKDkQ,,9990584836
3,Ave,Feitosa,afeitosa2@php.net,Male,X7smKPABhpLi,GET50,9366865554
4,Nikoletta,Lappin,nlappin3@unblog.fr,Female,IgZgvD,NEWUSER,9570156725
5,Verge,Brenard,vbrenard4@squarespace.com,Male,DUEmlR8ma,GET15,9766579028
6,Enrico,Curwood,ecurwood5@seattletimes.com,Male,eU5h6t,GET20,9430065038
7,Reg,Rama,rrama6@etsy.com,Male,rb1caf,NEWUSER,9307853061
8,Una,Anstee,uanstee7@fastcompany.com,Female,jpHeGgie9ji,NEWUSER,9473238401
9,Cheslie,Dulinty,cdulinty8@youtu.be,Female,FkqmEJ4oo3uk,NEWUSER,9593608097
10,Markus,Eivers,meivers9@pcworld.com,Male,5QMZGwwVl00v,NEWUSER,9442490938
11,Sandro,Jaskowicz,sjaskowicza@soup.io,Male,CwEJBV1N,NEWUSER,9827115235
12,Ethelred,Ballintyne,eballintyneb@friendfeed.com,Male,2E8g7nW4TwZD,GET20,9627586138
13,Rosemonde,Disney,rdisneyc@webmd.com,Female,wA1n1ES3Z,NEWUSER,9868735184
14,Rodolph,Clapperton,rclappertond@google.co.jp,Male,AsmjoH9rDJSN,GET20,9271801941
15,Charlena,Haugg,chaugge@hao123.com,Female,TtDn7Lg,GET50,9471100185
16,Kayla,Dadley,kdadleyf@va.gov,Female,gmj1J3N5,GET20,9255515131
17,Janel,Bolte,jbolteg@webeden.co.uk,Female,W5aNuZ,GET15,9977593985
18,Rick,Cluer,rcluerh@ebay.com,Male,vuHQ7OA,NEWUSER,9351904882
19,Rip,Saxby,rsaxbyi@studiopress.com,Male,kFpMulqlZ0Na,GET10,9930063072
20,Maury,Wheildon,mwheildonj@delicious.com,Male,aS7QaNolPeXh,GET15,9332234948
21,Tristam,Pointing,tpointingk@wiley.com,Male,NIYErMCc9a,GET20,9677340003
22,Sheeree,Walkington,swalkingtonl@stanford.edu,Female,G1SIXSaU,NEWUSER,9138342957
23,Mona,Dossettor,mdossettorm@newyorker.com,Female,32gDBRlxie,NEWUSER,9167183126
24,Ax,Blowick,ablowickn@tumblr.com,Male,qgR67fEPs9k,GET10,9246819455
25,Madelene,McCurry,mmccurryo@studiopress.com,Female,iY9xItSYR,GET15,9564759111
26,Kellina,Freund,kfreundp@pagesperso-orange.fr,Female,BUUwa6W,GET10,9289342002
27,Fidelio,Aiers,faiersq@uiuc.edu,Male,jwPrEF,NEWUSER,9819912154
28,Corella,Alfuso,calfusor@webnode.com,Female,AQoZ7SbUe,,9156247104
29,Chrissy,Leinthall,cleinthalls@amazon.co.uk,Female,qX4MnF,GET15,9426557102
30,Graehme,Trickett,gtrickettt@flickr.com,Male,VW0oLHjmm4Ss,GET50,9984861800
31,Boony,Moxom,bmoxomu@shareasale.com,Male,lxnt1j,NEWUSER,9481121670
32,Ban,Stiegers,bstiegersv@uiuc.edu,Male,01trhXLa,GET50,9188742342
33,Nikolai,Coverlyn,ncoverlynw@geocities.com,Male,kTDU5KFUf0,GET20,9372995298
34,Thurstan,Yter,tyterx@etsy.com,Male,TMkVbgZDlVF,GET10,9622753820
35,Andromache,Christoffersen,achristofferseny@microsoft.com,Female,Tl7kDJ,GET15,9267331211
36,Liesa,Toler,ltolerz@tuttocitta.it,Female,FuQmnfC,GET10,9103009311
37,Sander,Clemmitt,sclemmitt10@who.int,Male,sLV2tBpbgP,NEWUSER,9568059320
38,Nowell,Drivers,ndrivers11@istockphoto.com,Male,K8wMgxo,GET50,9623115934
39,Kacy,Cradoc,kcradoc12@indiegogo.com,Female,nTIPwyXAZXNl,,9572530469
40,Barbara,Lackinton,blackinton13@cocolog-nifty.com,Female,Q4BUEHRv,,9415222140
41,Archer,Torbeck,atorbeck14@parallels.com,Male,ljdxFOr0,NEWUSER,9132873945
42,Kristo,Walsham,kwalsham15@technorati.com,Male,7XMtilxDzp3Q,NEWUSER,9219114028
43,Rollie,Becerro,rbecerro16@is.gd,Male,19pKxzk1ue,GET20,9696679759
44,Cole,Scates,cscates17@dot.gov,Male,HvMl20,GET50,9382924782
45,Far,Galilee,fgalilee18@mayoclinic.com,Male,6SeLCQXdIt,,9808176761
46,Lucia,de Castelain,ldecastelain19@ed.gov,Female,pznEF3ZZ4y,GET50,9316536675
47,Sinclare,Taye,staye1a@yahoo.com,Male,3GfgrY0Cy,GET20,9175693342
48,Albert,Brun,abrun1b@reddit.com,Male,zzSaXc,GET15,9630256988
49,Ezechiel,Dark,edark1c@geocities.jp,Male,BubGqqPM3,GET50,9224800313
50,Franny,Croasdale,fcroasdale1d@artisteer.com,Female,Fl1cLGRX,,9717929002
51,Laurens,Schubart,lschubart1e@stumbleupon.com,Male,q1UBwaJxpn,,9730101268
52,Dorris,Fabler,dfabler1f@webeden.co.uk,Female,X9X2deCczHRp,GET50,9749253376
53,Clare,Kincade,ckincade1g@vkontakte.ru,Female,PUMGg3d,GET20,9201414669
54,Calv,Greenlees,cgreenlees1h@ameblo.jp,Male,JbEIEj,GET15,9398881745
55,Cirstoforo,Hevey,chevey1i@ustream.tv,Male,WSl9nBHoyMB,GET10,9729301577
56,Bailey,Byway,bbyway1j@wufoo.com,Male,SxFUAAju,,9963937274
57,Helenelizabeth,Currm,hcurrm1k@constantcontact.com,Female,2z5fpx,GET50,9485920228
58,Bryant,Simonyi,bsimonyi1l@stanford.edu,Male,MaWMXcd,GET20,9519161463
59,Terry,Walcot,twalcot1m@dailymail.co.uk,Male,pY5nXVSGj,,9517205103
60,Audie,Halleday,ahalleday1n@domainmarket.com,Female,CLQQVE07lwv,GET20,9152153192
61,Alidia,Antonik,aantonik1o@virginia.edu,Female,iZgDg8imdg1N,,9648738200
62,Marylinda,Blamey,mblamey1p@naver.com,Female,Y7aTNam1nz2,GET10,9922150044
63,Wesley,Bagnell,wbagnell1q@twitter.com,Male,YhqJiYB,NEWUSER,9124188793
64,Arnold,Fagence,afagence1r@ox.ac.uk,Male,qIEgMbCgO,NEWUSER,9822544657
65,Falkner,Greetham,fgreetham1s@google.nl,Male,eRLomqrMwTI,NEWUSER,9623472302
66,Vasily,Blaase,vblaase1t@intel.com,Male,4BHyfZsEIAX,NEWUSER,9673825459
67,Rogerio,Tackes,rtackes1u@soundcloud.com,Male,t9JUlYxt,GET50,9675448191
68,Griff,Owenson,gowenson1v@ocn.ne.jp,Male,Qx0zvBW9,GET50,9171146684
69,Randie,Farlham,rfarlham1w@stanford.edu,Male,wjuQ5e,GET20,9702453894
70,Whit,MacAlester,wmacalester1x@friendfeed.com,Male,yqw9p0,,9629680431
71,Konstantine,Clerc,kclerc1y@cbc.ca,Male,g41nL1l,,9961319923
72,Maribeth,Copland,mcopland1z@home.pl,Female,PmfqBUsjt,NEWUSER,9702022913
73,Masha,Patshull,mpatshull20@answers.com,Female,MTVBxh,GET20,9615959432
74,Bevvy,Bream,bbream21@typepad.com,Female,SZXHzmzPQ6I,,9841081004
75,Malissia,Burland,mburland22@discovery.com,Female,ZHBAqiI,GET10,9529738642
76,Dar,Stiggers,dstiggers23@meetup.com,Male,rSPXz5Hb,GET15,9740971601
77,Jule,Boord,jboord24@liveinternet.ru,Male,EAccc79,GET20,9608906986
78,Orland,Carlos,ocarlos25@newyorker.com,Male,ZpCWsyxH,GET10,9679765308
79,Mateo,Mahaddie,mmahaddie26@springer.com,Male,QVDDlRPI2,NEWUSER,9949911114
80,Laverne,MacCome,lmaccome27@goo.ne.jp,Female,BpYQ1M,GET10,9221099347
81,Collete,Ovill,covill28@com.com,Female,9qZpjMC,GET50,9807858017
82,Sydney,Entwhistle,sentwhistle29@wikia.com,Male,TTumcZDKh8Aj,GET50,9182664843
83,Ferdie,Knifton,fknifton2a@gov.uk,Male,flS0fd,GET10,9272254910
84,Lyle,Gilroy,lgilroy2b@google.pl,Male,ZhempXGU,GET50,9890535355
85,Bert,Dhillon,bdhillon2c@nhs.uk,Female,zzC7G43Ixqo,GET50,9143015035
86,Maurie,Tomes,mtomes2d@msu.edu,Male,5c9bITb,,9215619117
87,Agata,Boaler,aboaler2e@europa.eu,Female,xti49XtHqiF,GET50,9973346466
88,Marijn,Alentyev,malentyev2f@discuz.net,Male,s06TELMsyXxe,GET15,9992382876
89,Garey,Blakeden,gblakeden2g@sfgate.com,Male,mRpHPT4,GET10,9124753489
90,Guilbert,Cutriss,gcutriss2h@tinyurl.com,Male,JKro4XUH76,GET50,9351302655
91,Justino,Attwood,jattwood2i@hatena.ne.jp,Male,ix32zkRF1eIR,GET15,9858874715
92,Winny,Ilieve,wilieve2j@desdev.cn,Female,PE3Hkr,GET20,9720140191
93,Fairlie,Stranks,fstranks2k@pagesperso-orange.fr,Male,YCTRLV3sz2Yo,NEWUSER,9970480440
94,Nonah,Rutter,nrutter2l@ucsd.edu,Female,C501hgnl7Qmm,GET20,9205943575
95,Hali,Desaur,hdesaur2m@de.vu,Female,KLqRZfC,NEWUSER,9629475070
96,Colly,Murley,cmurley2n@hp.com,Female,gqAKrGjCYgID,,9649028843
97,Elvin,Waldram,ewaldram2o@delicious.com,Male,ODLMBzk9,,9668042085
98,Josee,Allender,jallender2p@springer.com,Female,iXOy1YtzKSgB,,9849780806
99,Christyna,Snodden,csnodden2q@paginegialle.it,Female,aQOvOZ3k2B9,,9253645087
100,Almeta,Broz,abroz2r@diigo.com,Female,aTwFvc,GET50,9257893101
